stock number,year,brand,model
stock #: aur14990,2025,Audi,Q5
stock #: auzu3264,2025,Audi,A5 Sedan
stock #: sl0001,2025,Audi,Q5
stock #: rs0004,2026,Audi,Q7
stock #: dn26163,,,2022 Porsche
stock #: dn94831,,,2021 Mercedes-Benz
stock #: rs0009,2025,Audi,Q5
stock #: rs0008,2025,Audi,Q5
stock #: pl0366,2019,Porsche,Macan
stock #: nh10688,2024,Audi,Q7
stock #: nh42217,,,2022 Mercedes-Benz
stock #: nh29023,,,2023 Mercedes-Benz
stock #: dn23245a,2019,BMW,X4
stock #: rs0012,2026,Audi,Q8
stock #: nh91002,2024,Land,Rover Range Rover Sport
stock #: pl0364a,2018,BMW,X5
stock #: ausy7858,2026,Audi,Q3 SUV
stock #: nhd43783,2024,Tesla,Model S
stock #: aulw1538a,2024,Audi,S5 Sportback
stock #: pl0383,2023,Audi,Q5 Sportback
stock #: pw0188a,2023,Land,Rover Range Rover Sport
stock #: nh15466,2025,Ford,Mustang
stock #: nh11140,2023,Chevrolet,Corvette
stock #: pl0380a,2019,Jeep,Compass
stock #: pw0211,2023,BMW,iX
stock #: nh13318,2026,Mercedes-Benz,GLS 450
stock #: auqn4943a,2025,Ford,Bronco
stock #: pw0218,2022,Audi,e-tron GT quattro
stock #: pw0213,2022,Audi,e-tron GT quattro
stock #: nh18042,2024,Audi,Q4 e-tron
stock #: pw0210,2026,Honda,CR-V
stock #: nh36838,,,2022 Mercedes-Benz
stock #: dn99633,2021,BMW,X5
stock #: pw0220,,,2023 Mercedes-Benz
stock #: nh03731,2023,BMW,X5 M
stock #: nh79844,2023,Audi,Q4 Sportback e-tron
stock #: pl0376a,2019,Lexus,UX 250h
stock #: pl0394,2023,Audi,Q3 SUV
stock #: pw0219a,2014,BMW,X3
stock #: nh20743,2023,Audi,Q3 SUV
stock #: pw0228,2025,Audi,Q3 SUV
stock #: pw0229,2025,Audi,Q3 SUV
stock #: nh01332,,,2024 Mercedes-Benz
stock #: dn77071b,2020,Land,Rover Range Rover Evoque
stock #: dn77071a,2017,Lincoln,MKC
stock #: pw0231,2022,Mercedes-Benz,GLE 350
stock #: pl0402,2024,Audi,Q3 SUV
stock #: pw0234,,,2023 Mercedes-Benz
stock #: pw0237,2025,Audi,Q4 Sportback e-tron
stock #: pw0236,2025,Audi,SQ5
stock #: pl0404,2023,Audi,RS6 Avant
stock #: nhd34546,2018,Porsche,Panamera
stock #: pw0238,2026,RAM,2500
stock #: nh04066,2024,Audi,S5 Sportback
stock #: pw0163b,,,2019 Mercedes-Benz
stock #: nh27862,2024,Ford,F-150
stock #: aumx8918a,2023,Nissan,Rogue
stock #: kg61846a,2019,Porsche,718 Cayman
stock #: nhd07347,2022,Lincoln,Corsair
stock #: nh00062,2023,Audi,RS5 Coupé
stock #: dn34781,2020,Tesla,Model X
stock #: rs0020,2025,Audi,Q5 Sportback
stock #: nh52229a,2017,Honda,Pilot
stock #: dn12651a,2022,Nissan,Qashqai
stock #: pw0239,2023,Mercedes-Benz,EQS 450
stock #: pb0055,2019,Nissan,Pathfinder
stock #: pw0240,2022,Audi,e-tron S Sportback
stock #: pl0409,2022,Audi,S3 Sedan
stock #: auzr3935a,,,2021 BMW
stock #: pb0056,2024,Audi,Q4 e-tron
stock #: pb0057,2022,Audi,RS 7 Sportback
stock #: dn52788,2024,BMW,iX
stock #: nhd21988,2024,Audi,S5 Sportback
stock #: dn66993,2025,Audi,Q3 SUV
stock #: nh52664,2025,Audi,S3 Sedan
stock #: pl0410,2023,Audi,Q4 e-tron
stock #: rs0021,2025,Audi,A5 Sedan
stock #: nh05534a,2024,Honda,CR-V
stock #: aufy8804a,2023,Honda,CR-V
stock #: pl0412,2022,Audi,Q5
stock #: dn40699,2025,Audi,S5
stock #: pb0060,2019,Audi,Q7
stock #: pl0406a,2025,Toyota,Highlander Hybrid
stock #: pl0413,2025,Audi,Q5
stock #: pb0061,2018,Audi,Q5
stock #: aufy8793a,2023,Mazda,CX-5
stock #: pw0247,2022,Audi,e-tron
stock #: pw0250,2023,Audi,e-tron GT quattro
stock #: pw0248,2022,Audi,e-tron
stock #: pw0243,2022,Audi,RS e-tron GT
stock #: pw0251,2022,Audi,e-tron GT quattro
stock #: pw0242,2025,Audi,Q6 e-tron
stock #: pw0244,2022,Audi,e-tron GT quattro
stock #: dn86502,2023,BMW,iX
stock #: aup83816a,2022,Lexus,RX 450h
stock #: autb4148a,2017,Audi,Q5
stock #: nh83119a,2014,Mercedes-Benz,G 63 AMG
stock #: pw0254,2025,Audi,Q3 SUV
stock #: pl0417,2024,Audi,Q7
stock #: auzr3944a,2022,Land,Rover Range Rover Sport
stock #: pl0419,2025,Audi,Q6 e-tron
stock #: pl0418,2023,Audi,Q4 e-tron
stock #: aumx8906a,2021,Audi,Q5
stock #: pw0255,2022,Audi,e-tron Sportback
stock #: autz6976a,2017,Dodge,Durango
stock #: rs0023,2025,Audi,Q5
stock #: nh01166b,2014,Audi,R8 Coupé
stock #: auka3590a,2021,Toyota,RAV4
stock #: pl0420,2022,Audi,Q7
stock #: ausk1851a,2023,Audi,A5 Sportback
stock #: pl0397a,2017,Honda,CR-V
stock #: pw0259,2025,Audi,Q3 SUV
stock #: pw0257,2025,Audi,Q3 SUV
stock #: pw0258,2025,Audi,Q3 SUV
stock #: pw0261,2022,RAM,1500
stock #: pw0262,2023,Jeep,Grand Cherokee 4xe
stock #: pw0265,2025,Volkswagen,Tiguan
stock #: auvl5192a,2017,Audi,A3 Sedan
stock #: pw0260,2025,Audi,Q3 SUV
stock #: dn32041,2023,Audi,Q5
stock #: pl0168d,2020,BMW,M2
stock #: nh07577,2022,Ford,Mustang Mach-E
stock #: dn07827,2023,Mercedes-Benz,EQS 450
stock #: pw0266,,,2023 Mercedes-Benz
stock #: pw0267,2025,Audi,SQ7
stock #: pl0421,2022,Audi,SQ5
stock #: dn50345,,,2019 Porsche
stock #: pl0425,2024,Audi,Q3 SUV
stock #: pl0391a,2017,Volkswagen,Tiguan
stock #: rs0018a,2020,Audi,Q5
stock #: pl0423,2023,Audi,S5 Sportback
stock #: pw0269,2022,Audi,e-tron
stock #: pl0426,2024,Audi,Q3 SUV
stock #: aufy8785b,2018,BMW,X3
stock #: nh43222a,2013,Chevrolet,Spark
stock #: pl0424,2024,Audi,A5 Sportback
stock #: nh18611,2024,Kia,EV9
stock #: nh27008,2023,Hyundai,IONIQ 6
stock #: nh86150,2021,Tesla,Model Y
stock #: pw0195a,2017,Dodge,Charger
stock #: pl0365b,,,2020 Mercedes-Benz
stock #: autb4162a,2024,Audi,SQ5
stock #: aumx8916a,2011,Audi,S5 Coupé
stock #: rs0024,2025,Audi,Q5
stock #: pb0064,2019,Audi,e-tron
stock #: pb0063,2023,Audi,Q5
stock #: rs0022,2025,Audi,SQ5
stock #: rs0017a,2016,Audi,Q3 SUV
stock #: nh68523a,2025,Mercedes-Benz,GLC 300
stock #: pw0271,2025,Audi,SQ6 e-tron
stock #: nh35470,2022,Audi,e-tron Sportback
stock #: pw0270,2023,Audi,Q4 e-tron
stock #: auvl5259a,2017,Mercedes-Benz,CLA 250
stock #: pb0059a,2012,Volkswagen,Golf GTI
stock #: pl0429,2023,Audi,A5 Sportback
stock #: pl0384a,2026,Volkswagen,Golf R
stock #: pl0430,2024,Audi,Q5
stock #: nh45784,2022,Tesla,Model X
stock #: nh56244,2024,Tesla,Model X
stock #: nh57019,2024,Tesla,Model X
stock #: nh53632,2022,Tesla,Model X
stock #: pw0272,2022,Audi,e-tron GT quattro
stock #: pb0065,2020,BMW,M340i
stock #: pw0253a,2015,Audi,RS5 Coupé
stock #: pb0066,2018,Chrysler,Pacifica Hybrid
stock #: pl0431,2024,Audi,Q3 SUV
stock #: nh46073,2022,Tesla,Model X
stock #: aumx8905a,2026,Honda,CR-V
stock #: pw0264a,2022,Jeep,Grand Cherokee L
stock #: dn54145a,2024,Cadillac,Escalade
stock #: pl0428,2024,Audi,Q5
stock #: pw0274,2025,Volvo,EX30
stock #: pl0433,2024,Audi,A5 Sportback
stock #: auvl5272a,2018,Audi,Q7
stock #: pb0067,2023,Audi,Q8
stock #: pl0432,2024,Audi,Q3 SUV
stock #: pw0252a,2019,Audi,RS5 Sportback
stock #: pl0427a,2015,Audi,A3 Sedan
stock #: dn87081,2023,Audi,Q5 TFSI e Plug-in Hybrid
stock #: pw0214a,2021,Audi,RS5 Sportback
stock #: pl0385a,2018,Porsche,Macan
stock #: pb0068,2023,Audi,Q4 e-tron
stock #: pw0256a,2025,Lexus,ES 300h
stock #: auqn4961b,2015,BMW,X3
stock #: autb4138a,2021,Lexus,IS 300
