stock,year,brand,model,link
AD250426,2025,Audi, Q6 e-tron,https://www.audidowntownvancouver.ca/en/inventory/vehicle/?isdealer&market=cauc&vehicleId=WA114BGF5SA046929
AD250382,2025,Audi, Q6 e-tron,https://www.audidowntownvancouver.ca/en/inventory/vehicle/?isdealer&market=cauc&vehicleId=WA114BGF8SA046696
AD250649,2025,Audi, Q5,https://www.audidowntownvancouver.ca/en/inventory/vehicle/?isdealer&market=cauc&vehicleId=WA11AAGU1S2046907
AD250653,2025,Audi, Q5,https://www.audidowntownvancouver.ca/en/inventory/vehicle/?isdealer&market=cauc&vehicleId=WA11AAGU9S2038876
AD260007,2026,Audi, Q7,https://www.audidowntownvancouver.ca/en/inventory/vehicle/?isdealer&market=cauc&vehicleId=WA1BVBF71TD000753
AD260023,2026,Audi, Q8,https://www.audidowntownvancouver.ca/en/inventory/vehicle/?isdealer&market=cauc&vehicleId=WA1DVBF13TD003710
AD250807,2025,Audi, Q5,https://www.audidowntownvancouver.ca/en/inventory/vehicle/?isdealer&market=cauc&vehicleId=WA11AAGU1S2076862
AD250682,2025,Audi, Q5,https://www.audidowntownvancouver.ca/en/inventory/vehicle/?isdealer&market=cauc&vehicleId=WA14AAGU6S2052893
AD260022,2026,Audi, Q8,https://www.audidowntownvancouver.ca/en/inventory/vehicle/?isdealer&market=cauc&vehicleId=WA1DVBF12TD003813
AD250834,2025,Audi, Q5,https://www.audidowntownvancouver.ca/en/inventory/vehicle/?isdealer&market=cauc&vehicleId=WA11AAGUXS2078481
AD250797,2025,Audi, Q5,https://www.audidowntownvancouver.ca/en/inventory/vehicle/?isdealer&market=cauc&vehicleId=WA12AAGU3S2075443
AD250833,2025,Audi, Q5,https://www.audidowntownvancouver.ca/en/inventory/vehicle/?isdealer&market=cauc&vehicleId=WA14AAGU8S2078301
AD250795,2025,Audi, Q5,https://www.audidowntownvancouver.ca/en/inventory/vehicle/?isdealer&market=cauc&vehicleId=WA14AAGU9S2075634
AD250810,2025,Audi, Q5,https://www.audidowntownvancouver.ca/en/inventory/vehicle/?isdealer&market=cauc&vehicleId=WA14AAGU2S2077306
AD250829,2025,Audi, Q5,https://www.audidowntownvancouver.ca/en/inventory/vehicle/?isdealer&market=cauc&vehicleId=WA14AAGU1S2079256
AD260037,2026,Audi, Q7,https://www.audidowntownvancouver.ca/en/inventory/vehicle/?isdealer&market=cauc&vehicleId=WA1BVBF74TD002156
AD250831,2025,Audi, Q5,https://www.audidowntownvancouver.ca/en/inventory/vehicle/?isdealer&market=cauc&vehicleId=WA14AAGU2S2078956
AD250814,2025,Audi, Q5,https://www.audidowntownvancouver.ca/en/inventory/vehicle/?isdealer&market=cauc&vehicleId=WA14AAGU9S2077867
AD250926,2025,Audi, Q5,https://www.audidowntownvancouver.ca/en/inventory/vehicle/?isdealer&market=cauc&vehicleId=WA14AAGU3S2090968
AD250648,2025,Audi, Q5,https://www.audidowntownvancouver.ca/en/inventory/vehicle/?isdealer&market=cauc&vehicleId=WA16AAGU2S2022248
AD250937,2025,Audi, Q5,https://www.audidowntownvancouver.ca/en/inventory/vehicle/?isdealer&market=cauc&vehicleId=WA16AAGU2S2092980
AD250960,2025,Audi, Q5,https://www.audidowntownvancouver.ca/en/inventory/vehicle/?isdealer&market=cauc&vehicleId=WA14AAGU8S2096460
AD250962,2025,Audi, Q5,https://www.audidowntownvancouver.ca/en/inventory/vehicle/?isdealer&market=cauc&vehicleId=WA14AAGUXS2097299
AD250966,2025,Audi, Q5,https://www.audidowntownvancouver.ca/en/inventory/vehicle/?isdealer&market=cauc&vehicleId=WA14AAGU0S2096484
AD250965,2025,Audi, Q5,https://www.audidowntownvancouver.ca/en/inventory/vehicle/?isdealer&market=cauc&vehicleId=WA14AAGU6S2097283
AD250963,2025,Audi, Q5,https://www.audidowntownvancouver.ca/en/inventory/vehicle/?isdealer&market=cauc&vehicleId=WA14AAGU7S2097325
AD250959,2025,Audi, Q5,https://www.audidowntownvancouver.ca/en/inventory/vehicle/?isdealer&market=cauc&vehicleId=WA14AAGU7S2097356
AD250952,2025,Audi, Q5,https://www.audidowntownvancouver.ca/en/inventory/vehicle/?isdealer&market=cauc&vehicleId=WA15AAGU2S2095163
AD250455,2025,Audi, Q5,https://www.audidowntownvancouver.ca/en/inventory/vehicle/?isdealer&market=cauc&vehicleId=WA11AAGU8S2021776
AD250456,2025,Audi, Q5,https://www.audidowntownvancouver.ca/en/inventory/vehicle/?isdealer&market=cauc&vehicleId=WA11AAGU4S2022729
AD260072,2026,Audi, Q7,https://www.audidowntownvancouver.ca/en/inventory/vehicle/?isdealer&market=cauc&vehicleId=WA1BVBF72TD006173
AD250600,2025,Audi, Q5,https://www.audidowntownvancouver.ca/en/inventory/vehicle/?isdealer&market=cauc&vehicleId=WA11AAGU1S2037138
AD250579,2025,Audi, Q5,https://www.audidowntownvancouver.ca/en/inventory/vehicle/?isdealer&market=cauc&vehicleId=WA11AAGU9S2038862
AD251024,2025,Audi, Q5,https://www.audidowntownvancouver.ca/en/inventory/vehicle/?isdealer&market=cauc&vehicleId=WA14AAGU3S2121460
AU12B0636,2026,Mercedes-Benz,,https://www.audidowntownvancouver.ca/en/inventory/vehicle/?isdealer&market=cauc&vehicleId=W1K5J4HB7TN571238
AD260087,2026,Audi, SQ8,https://www.audidowntownvancouver.ca/en/inventory/vehicle/?isdealer&market=cauc&vehicleId=WA1AWBF17TD020039
AD250897,2025,Audi, Q3 SUV,https://www.audidowntownvancouver.ca/en/inventory/vehicle/?isdealer&market=cauc&vehicleId=WA1AUCF3XS1111013
AD250874,2025,Audi, Q3 SUV,https://www.audidowntownvancouver.ca/en/inventory/vehicle/?isdealer&market=cauc&vehicleId=WA1AUCF36S1110876
AD250883,2025,Audi, Q3 SUV,https://www.audidowntownvancouver.ca/en/inventory/vehicle/?isdealer&market=cauc&vehicleId=WA1AUCF32S1110874
AD250896,2025,Audi, Q3 SUV,https://www.audidowntownvancouver.ca/en/inventory/vehicle/?isdealer&market=cauc&vehicleId=WA1AUCF33S1111015
AU1130643,2025,Audi, Q8,https://www.audidowntownvancouver.ca/en/inventory/vehicle/?isdealer&market=cauc&vehicleId=WA1DVBF1XSD021507
AD250606,2025,Audi, Q3 SUV,https://www.audidowntownvancouver.ca/en/inventory/vehicle/?isdealer&market=cauc&vehicleId=WA1AUCF33S1095303
AD250777,2025,Audi, Q3 SUV,https://www.audidowntownvancouver.ca/en/inventory/vehicle/?isdealer&market=cauc&vehicleId=WA1DECF31S1110469
AD250895,2025,Audi, Q3 SUV,https://www.audidowntownvancouver.ca/en/inventory/vehicle/?isdealer&market=cauc&vehicleId=WA1AUCF3XS1110976
AD260091,2026,Audi, Q3 SUV,https://www.audidowntownvancouver.ca/en/inventory/vehicle/?isdealer&market=cauc&vehicleId=WA1ABCFJ2T1028133
AD250847,2025,Audi, Q3 SUV,https://www.audidowntownvancouver.ca/en/inventory/vehicle/?isdealer&market=cauc&vehicleId=WA1AUCF36S1110554
AD260119,2026,Audi, Q7,https://www.audidowntownvancouver.ca/en/inventory/vehicle/?isdealer&market=cauc&vehicleId=WA1BVBF71TD010179
AD260092,2026,Audi, Q3 SUV,https://www.audidowntownvancouver.ca/en/inventory/vehicle/?isdealer&market=cauc&vehicleId=WA1BBCFJ3T1022023
AD260213A,2020,NA,NA,https://www.audidowntownvancouver.ca/en/inventory/vehicle/?isdealer&market=cauc&vehicleId=5J8YD4H47LL801941
AU12B0650,2025,Audi, SQ8,https://www.audidowntownvancouver.ca/en/inventory/vehicle/?isdealer&market=cauc&vehicleId=WA1AWBF10SD040907
AU12B0654A,2022,Porsche,,https://www.audidowntownvancouver.ca/en/inventory/vehicle/?isdealer&market=cauc&vehicleId=WP0AB2A95NS222424
AU12B0592A,2024,Audi, Q8,https://www.audidowntownvancouver.ca/en/inventory/vehicle/?isdealer&market=cauc&vehicleId=WA1FVBF19RD013224
AU12B0660,2025,Audi, Q8,https://www.audidowntownvancouver.ca/en/inventory/vehicle/?isdealer&market=cauc&vehicleId=WA1DVBF12SD036003
AU1170660,2025,Audi, Q6 e-tron,https://www.audidowntownvancouver.ca/en/inventory/vehicle/?isdealer&market=cauc&vehicleId=WA154BGF6SA051039
AD270013A,2025,NA,NA,https://www.audidowntownvancouver.ca/en/inventory/vehicle/?isdealer&market=cauc&vehicleId=1GKS2ERL6SR204320
AD260198A,2025,Audi, S5,https://www.audidowntownvancouver.ca/en/inventory/vehicle/?isdealer&market=cauc&vehicleId=WAU35CFU5SN059736
AD250617A,2025,Audi, Q5,https://www.audidowntownvancouver.ca/en/inventory/vehicle/?isdealer&market=cauc&vehicleId=WA1ABAFY8S2045545
AD260339A,2023,BMW,,https://www.audidowntownvancouver.ca/en/inventory/vehicle/?isdealer&market=cauc&vehicleId=5UX63DP02P9R51030
AD260125A,2014,Audi, A4 Sedan,https://www.audidowntownvancouver.ca/en/inventory/vehicle/?isdealer&market=cauc&vehicleId=WAUBFCFL9EN019471
AU12B0661,2025,Nissan, Rogue,https://www.audidowntownvancouver.ca/en/inventory/vehicle/?isdealer&market=cauc&vehicleId=JN8BT3BB1SW156245
AD251048A,2022,Audi, Q3 SUV,https://www.audidowntownvancouver.ca/en/inventory/vehicle/?isdealer&market=cauc&vehicleId=WA1BUCF39N1127843
AD270009A,2019,Audi, e-tron,https://www.audidowntownvancouver.ca/en/inventory/vehicle/?isdealer&market=cauc&vehicleId=WA1VAAGE0KB020731
AU1170664,2022,Audi, Q5,https://www.audidowntownvancouver.ca/en/inventory/vehicle/?isdealer&market=cauc&vehicleId=WA1AAAFY0N2127129
AD260193A,2025,Audi, S5,https://www.audidowntownvancouver.ca/en/inventory/vehicle/?isdealer&market=cauc&vehicleId=WAU25CFUXSN065642
AD260270A,2023,Land Rover, Range Rover Velar,https://www.audidowntownvancouver.ca/en/inventory/vehicle/?isdealer&market=cauc&vehicleId=SALYT2EU1PA362627
AU12B0668,2025,Volkswagen, Tiguan,https://www.audidowntownvancouver.ca/en/inventory/vehicle/?isdealer&market=cauc&vehicleId=3VVLR7RM5SM006752
AD260350A,2023,Audi, Q3 SUV,https://www.audidowntownvancouver.ca/en/inventory/vehicle/?isdealer&market=cauc&vehicleId=WA1EECF37P1141558
AU12B0659A,2022,NA,NA,https://www.audidowntownvancouver.ca/en/inventory/vehicle/?isdealer&market=cauc&vehicleId=1G1YB3D48N5106582
AU1170669,2022,Audi, RS Q8,https://www.audidowntownvancouver.ca/en/inventory/vehicle/?isdealer&market=cauc&vehicleId=WU1ARBF13ND021157
AU1170667,2024,Jeep, Wrangler,https://www.audidowntownvancouver.ca/en/inventory/vehicle/?isdealer&market=cauc&vehicleId=1C4RJXSJ3RW158779
AD251025A,2025,Audi, Q3 SUV,https://www.audidowntownvancouver.ca/en/inventory/vehicle/?isdealer&market=cauc&vehicleId=WA1EECF31S1087263
AD260252A,2023,Audi, Q5,https://www.audidowntownvancouver.ca/en/inventory/vehicle/?isdealer&market=cauc&vehicleId=WA1ABAFY3P2184599
AD251073A,2020,Audi, Q7,https://www.audidowntownvancouver.ca/en/inventory/vehicle/?isdealer&market=cauc&vehicleId=WA1MXAF70LD000837
AD260158A,2024,Audi, Q7,https://www.audidowntownvancouver.ca/en/inventory/vehicle/?isdealer&market=cauc&vehicleId=WA1MXBF71RD002658
AD260113B,2021,Audi, Q5 Sportback,https://www.audidowntownvancouver.ca/en/inventory/vehicle/?isdealer&market=cauc&vehicleId=WA16AAFY3M2073846
AU12B0653A,2018,Toyota, Corolla,https://www.audidowntownvancouver.ca/en/inventory/vehicle/?isdealer&market=cauc&vehicleId=2T1BURHE4JC101969
AD260160A,2025,Audi, Q5,https://www.audidowntownvancouver.ca/en/inventory/vehicle/?isdealer&market=cauc&vehicleId=WA16AAGU0S2055457
AU1170672,2016,Land Rover, Discovery Sport,https://www.audidowntownvancouver.ca/en/inventory/vehicle/?isdealer&market=cauc&vehicleId=SALCR2BG6GH569125
AD260153B,2015,Audi, A4 Sedan,https://www.audidowntownvancouver.ca/en/inventory/vehicle/?isdealer&market=cauc&vehicleId=WAUFFCFL7FN037812
AU12B0552B,2024,Audi, A3 Sedan,https://www.audidowntownvancouver.ca/en/inventory/vehicle/?isdealer&market=cauc&vehicleId=WAUMUCGY7RA089864
AD250993A,2022,Audi, SQ5,https://www.audidowntownvancouver.ca/en/inventory/vehicle/?isdealer&market=cauc&vehicleId=WA1A4AFY2N2117497
AU1160618A,2013,Ford, Edge,https://www.audidowntownvancouver.ca/en/inventory/vehicle/?isdealer&market=cauc&vehicleId=2FMDK4AKXDBE20335
AD260065C,2017,Hyundai, Elantra,https://www.audidowntownvancouver.ca/en/inventory/vehicle/?isdealer&market=cauc&vehicleId=KMHD84LF4HU350782
AD260183A,2018,Audi, A4 Sedan,https://www.audidowntownvancouver.ca/en/inventory/vehicle/?isdealer&market=cauc&vehicleId=WAUFNAF43JN010860
AU1170676,2025,Audi, Q3 SUV,https://www.audidowntownvancouver.ca/en/inventory/vehicle/?isdealer&market=cauc&vehicleId=WA1EECF39S1084904
AU12B0663,2026,BMW, 530i,https://www.audidowntownvancouver.ca/en/inventory/vehicle/?isdealer&market=cauc&vehicleId=WBA53FJ07TCW55643
AD260102A,2023,Audi, Q3 SUV,https://www.audidowntownvancouver.ca/en/inventory/vehicle/?isdealer&market=cauc&vehicleId=WA1AECF34P1114249
AU12F0001,2025,Audi, RS e-tron GT performance,https://www.audidowntownvancouver.ca/en/inventory/vehicle/?isdealer&market=cauc&vehicleId=WAUJ8BFW4S7901125
AD260088A,2022,Porsche, Macan,https://www.audidowntownvancouver.ca/en/inventory/vehicle/?isdealer&market=cauc&vehicleId=WP1AF2A5XNLB31885
AU1170653A,2021,Audi, Q3 SUV,https://www.audidowntownvancouver.ca/en/inventory/vehicle/?isdealer&market=cauc&vehicleId=WA1EECF3XM1074966
AD260237A,2016,Audi, A3 Sedan,https://www.audidowntownvancouver.ca/en/inventory/vehicle/?isdealer&market=cauc&vehicleId=WAUF8GFF3G1098661
AD250661A,2018,Audi, Q5,https://www.audidowntownvancouver.ca/en/inventory/vehicle/?isdealer&market=cauc&vehicleId=WA1BNAFY3J2159172
AU12F0002,2023,Lexus, NX 350,https://www.audidowntownvancouver.ca/en/inventory/vehicle/?isdealer&market=cauc&vehicleId=2T2KGCEZXPC025917
AU1170657,2022,Audi, A8 L,https://www.audidowntownvancouver.ca/en/inventory/vehicle/?isdealer&market=cauc&vehicleId=WAULDAF82NN001890
AD250584B,2018,Audi, A3 Sportback e-tron,https://www.audidowntownvancouver.ca/en/inventory/vehicle/?isdealer&market=cauc&vehicleId=WAUUPBFF6JA155231
AU12B0664,2020,Audi, A7 Sportback,https://www.audidowntownvancouver.ca/en/inventory/vehicle/?isdealer&market=cauc&vehicleId=WAUV2AF26LN060111
AD260211A,2020,Audi, Q3 SUV,https://www.audidowntownvancouver.ca/en/inventory/vehicle/?isdealer&market=cauc&vehicleId=WA1FECF38L1123214
AU12B0665,2025,Audi, Q7,https://www.audidowntownvancouver.ca/en/inventory/vehicle/?isdealer&market=cauc&vehicleId=WA1WVBF76SD009271
AU12C0002,2022,Audi, e-tron GT quattro,https://www.audidowntownvancouver.ca/en/inventory/vehicle/?isdealer&market=cauc&vehicleId=WAUFJBFW3N7004070
AD250908A,2018,Audi, Q5,https://www.audidowntownvancouver.ca/en/inventory/vehicle/?isdealer&market=cauc&vehicleId=WA1BNAFY3J2100946
AD250545,2025,Audi, Q5,https://www.audidowntownvancouver.ca/en/inventory/vehicle/?isdealer&market=cauc&vehicleId=WA11AAGU2S2033776
AD260197A,2022,Audi, Q7,https://www.audidowntownvancouver.ca/en/inventory/vehicle/?isdealer&market=cauc&vehicleId=WA1MXBF70ND011832
AD251006D,2001,Porsche, Boxster,https://www.audidowntownvancouver.ca/en/inventory/vehicle/?isdealer&market=cauc&vehicleId=WP0CA29811U621336
AD250819A,2023,Ford, Maverick,https://www.audidowntownvancouver.ca/en/inventory/vehicle/?isdealer&market=cauc&vehicleId=3FTTW8E3XPRA45504
AD260190A,2022,Mercedes-Benz,,https://www.audidowntownvancouver.ca/en/inventory/vehicle/?isdealer&market=cauc&vehicleId=4JGFD5KB6NA742930
AD260403A,2025,Mazda,,https://www.audidowntownvancouver.ca/en/inventory/vehicle/?isdealer&market=cauc&vehicleId=JM3KJDHC5S1111885
AD251050A,2022,Tesla, Model Y,https://www.audidowntownvancouver.ca/en/inventory/vehicle/?isdealer&market=cauc&vehicleId=7SAYGDEE1NF435552
AU12B0637B,2021,Tesla, Model 3,https://www.audidowntownvancouver.ca/en/inventory/vehicle/?isdealer&market=cauc&vehicleId=5YJ3E1EA4MF090718
AD250884A,2024,Audi, Q5,https://www.audidowntownvancouver.ca/en/inventory/vehicle/?isdealer&market=cauc&vehicleId=WA1AAAFY8R2133122
AD250534C,2026,Toyota, GR Corolla,https://www.audidowntownvancouver.ca/en/inventory/vehicle/?isdealer&market=cauc&vehicleId=SB1ADADE0TE000984
AD251074B,2014,NA,NA,https://www.audidowntownvancouver.ca/en/inventory/vehicle/?isdealer&market=cauc&vehicleId=1G1PL5SH9E7133529
AD270012A,2018,Audi, S4 Sedan,https://www.audidowntownvancouver.ca/en/inventory/vehicle/?isdealer&market=cauc&vehicleId=WAUC4AF41JA008263
AD260250A,2015,Audi, Q3 SUV,https://www.audidowntownvancouver.ca/en/inventory/vehicle/?isdealer&market=cauc&vehicleId=WA1GFEFS8FR009482
LT076291,2025,Audi, Q3 SUV,https://www.audidowntownvancouver.ca/en/inventory/vehicle/?isdealer&market=cauc&vehicleId=WA1DECF31S1076291
AU1170682,2022,Audi, Q8,https://www.audidowntownvancouver.ca/en/inventory/vehicle/?isdealer&market=cauc&vehicleId=WA1DVBF16ND024179
AD260308A,2023,Audi, A5 Sportback,https://www.audidowntownvancouver.ca/en/inventory/vehicle/?isdealer&market=cauc&vehicleId=WAUFACF51PA041329
